MonthlyCharges,TotalCharges,tenure,InternetService_Fiber optic,LongTermCustomer_Yes,LongTermCustomer Yes_score,tenure_score,InternetService Fiber optic_score,MonthlyCharges_score,TotalCharges_score
29.85,29.85,1,0,0,0.29592471475511073,0.11027060442460676,-0.09094698857119284,-0.054584023882124855,0.05277672260355298
56.95,1889.5,34,0,1,-0.2822537112673735,-0.061810981616739494,-0.06891618569011854,-0.06485964905571427,-0.03370753382912956
53.85,108.15,2,0,0,0.29597581965542363,0.1032512786299074,-0.08512021249097201,-0.06457195072053994,0.055362214658918614
42.3,1840.75,45,0,1,-0.27936413237050334,-0.05788923947171346,-0.07110555572873187,-0.04786725898093734,-0.037381809994734574
70.7,151.65,2,1,0,0.3030672208625184,0.10644934138560541,0.07985130645747163,-0.05828950847888215,0.052346746480905676
99.65,820.5,8,1,0,0.3165526409252898,0.1144928209482462,0.08445239331086786,0.07886395946198248,0.03852601076021275
89.1,1949.4,22,1,0,0.29193624496455156,-0.04016273337237876,0.0807954905312536,0.030923445696002493,-0.03809610859211274
29.75,301.9,10,0,0,0.2811241109575232,-0.04925802233337761,-0.07874803769007706,-0.04234950009860157,0.060957288588532256
104.8,3046.05,28,1,0,0.2899645787961002,-0.04696568751619018,0.08226537195366565,0.08160936308360674,-0.040189636494591466
56.15,3487.95,62,0,1,-0.2851826551524165,0.005574337413432819,-0.07231314121874521,-0.06702604694105822,-0.03557177630822875
49.95,587.45,13,0,0,0.280013338576131,-0.04628600017508029,-0.07655234595978587,-0.06555941069393026,0.028996227563727158
18.95,326.8,16,0,1,-0.28445211704658363,-0.03118306078878547,-0.0751966355787799,-0.04740887891727138,0.04651065761687621
100.35,5681.1,58,1,1,-0.30324087052444965,0.0025573049660977247,0.07266950696437557,0.07482863687209217,-0.04609616251250174
103.7,5036.3,49,1,0,0.2985486992233839,-0.07066199845116099,0.07934735158402191,0.0809672315457478,-0.054510890024489195
105.5,2686.05,25,1,0,0.2981730643872158,-0.040106323314109814,0.08382387719716788,0.08274125103832647,-0.040797787593683195
113.25,7895.15,69,1,1,-0.29977531730937634,0.002438344571902405,0.07479983014595806,0.066977367927105,-0.0438721656521577
20.65,1022.95,52,0,1,-0.2862144589992429,-0.06332148760617114,-0.06949175624107805,-0.04144350185090835,0.024617956641603725
106.7,7382.25,71,1,1,-0.29586568182337686,0.013566786765611464,0.06734506095768107,0.06812592490794757,-0.03919485428498813
55.2,528.35,10,0,0,0.2888012056343011,-0.04963227424409289,-0.08557721392118071,-0.0669712415616116,0.03412996697468306
90.05,1862.9,21,1,0,0.287358683281175,-0.04239457994513834,0.0792337356979072,0.03848811256924156,-0.04708159987648491
39.65,39.65,1,0,0,0.29622930331285674,0.10462924417604907,-0.08570589323488427,-0.05481192818078111,0.050691561911611546
19.8,202.25,12,0,1,-0.28608658923421487,-0.042805267733097736,-0.07127142328283219,-0.04267109769444556,0.05286500694512983
20.15,20.15,1,0,0,0.29798607249837583,0.1041663171006524,-0.08063430803727925,-0.04309702506315101,0.05133031108567389
59.9,3505.1,58,0,1,-0.28332181814292323,0.006620782563294099,-0.06719810189266932,-0.06122491319782353,-0.039751318645635
59.6,2970.3,49,0,0,0.2841600370789525,-0.06737305567719662,-0.08249085182805806,-0.07069222859139593,-0.04046432863907878
55.3,1530.6,30,0,0,0.2801858832396189,-0.06695698579595749,-0.08017018127202791,-0.06339164749261321,-0.03862832836596047
99.35,4749.15,47,1,0,0.29376884186800367,-0.069356626617459,0.08374785566888522,0.08702676086958963,-0.05757398521157401
30.2,30.2,1,0,0,0.2929014255049795,0.09880064610644658,-0.08286217652246382,-0.05253332172406896,0.0437258450593142
90.25,6369.45,72,0,1,-0.28375683894501236,-0.00020317294001807876,-0.06561874621335585,0.06696207581299414,-0.044416085168816406
64.7,1093.1,17,0,0,0.28680117505468056,-0.0393409171058485,-0.07916458896000213,-0.063664934516043,0.03724497160394174
96.35,6766.95,71,1,1,-0.30195168185365295,-0.00048590621218579333,0.07267628391690742,0.073840828075515,-0.048033594550279946
95.5,181.65,2,1,0,0.3083390273126207,0.10075222042412728,0.08203396334541756,0.08944923271106218,0.05018645772869405
66.15,1874.45,27,0,1,-0.2774530000379899,-0.03716250725289652,-0.07404071594269891,-0.06264795739804582,-0.03662444338933515
20.2,20.2,1,0,0,0.2891553832173743,0.10062899678962986,-0.0848443506111684,-0.04885139050898774,0.05026953113571216
45.25,45.25,1,0,0,0.29221974377655197,0.10184396291792694,-0.08859621555051582,-0.0651321858414677,0.058226513011522325
99.9,7251.7,72,1,1,-0.29452000260803407,0.004267403625788871,0.06891243654779336,0.06754672434847582,-0.042477175506859206
69.7,316.9,5,1,0,0.30667876954106854,0.11061148304169209,0.07847280511727805,-0.06400932569135485,0.05127994525965911
74.8,3548.3,46,1,0,0.30029686423689417,-0.0613803814198894,0.08370595159407387,0.026622655885367327,-0.037315328614988125
106.35,3549.25,34,1,0,0.295249473144543,-0.06371371724027014,0.0773098800848382,0.08052644753321789,-0.03898886372536869
97.85,1105.4,11,1,0,0.295135808915346,-0.03996362672395648,0.08201440386928571,0.0796629090659401,0.029985608768757888
49.55,475.7,10,0,1,-0.28848624961831315,-0.03589857556206416,-0.07353230215778757,-0.06450135003548117,0.03473414895595855
69.2,4872.35,70,0,1,-0.2862154847171002,0.004682009869292571,-0.07061891020882265,-0.06379602083958193,-0.03646576543117298
20.75,418.25,17,0,1,-0.2871193598334118,-0.04207993453085304,-0.0694099933389747,-0.041812721930851546,0.04780545572865429
79.85,4861.45,63,0,1,-0.28474638938077157,0.0059028581316016415,-0.06858972941372371,0.04369644138677871,-0.04316403978889646
76.2,981.45,13,0,0,0.2911042695110341,-0.04967640997396972,-0.08769260262944518,0.03005119558358065,0.04555831685746834
84.5,3906.7,49,1,0,0.2924742653115401,-0.06621588899530476,0.08342625144563513,0.03203792828569529,-0.054579534638197404
49.25,97.0,2,0,0,0.2902898763053953,0.1051250284460622,-0.08446111700119284,-0.05986800652896909,0.05214644416853043
80.65,144.15,2,1,0,0.30804533608898876,0.09874287607928259,0.08143504918495653,0.029395927693432078,0.0551107307471704
79.75,4217.8,52,0,1,-0.2757803005196963,-0.06267509118669888,-0.06768449848516783,0.028864591604741863,-0.03959650050900242
64.15,4254.1,69,0,1,-0.2836634820254434,0.0025170646588310165,-0.0712539827327978,-0.06246674102910093,-0.0410451447551377
90.25,3838.75,43,1,0,0.2938721831230032,-0.07322250309963954,0.08289602414886903,0.07495844492892324,-0.061679210200870506
99.1,1426.4,15,1,0,0.29514805304008807,-0.045567854286731956,0.08191503705205784,0.08017854595305049,-0.04179975185376616
69.5,1752.65,25,0,0,0.28284267891732684,-0.04707021376259837,-0.07446978825647754,-0.07059430879461155,-0.036469393279929055
80.65,633.3,8,1,0,0.30207370101076664,0.102683690340428,0.08657795835483058,0.0376521029705723,0.04056915516562056
74.85,4456.35,60,0,1,-0.27934831759653583,0.009082339429800015,-0.07666561076069398,0.037795565906516136,-0.04393589494256548
95.45,1752.55,18,1,0,0.29770139284230396,-0.04350094392959556,0.07661520936803451,0.08081579871525937,-0.03394022801836981
99.65,6311.2,63,1,1,-0.3077548676208044,0.0057427792090373585,0.07141480758530908,0.06943042640529283,-0.0441373803832546
108.45,7076.35,66,1,1,-0.2999346315384419,0.00820792041043823,0.07561417959945287,0.07800560042550933,-0.05030278051662845
24.95,894.3,34,0,1,-0.28260045579474335,-0.05118001291214721,-0.07499736479372225,-0.03621988834339277,0.033013171652829236
107.5,7853.7,72,1,1,-0.2971831865724381,0.00827010195339383,0.06724798202396018,0.07619134923180522,-0.03777319430630057
100.5,4707.1,47,1,0,0.2903748576160187,-0.06606061254171121,0.07797731121856306,0.08808274063974093,-0.056954304819614186
89.9,5450.7,60,1,0,0.2900955272887423,0.0032401378741978054,0.0831484257019606,0.03250693503056277,-0.053211241445211555
42.1,2962.0,72,0,1,-0.2909938209580279,0.006167988632883687,-0.06691164587092163,-0.047112363786321776,-0.03820452180673404
54.4,957.1,18,0,1,-0.2881004450787855,-0.04749519622530193,-0.06869337639911238,-0.06538450892520355,0.0387496992503298
94.4,857.25,9,1,0,0.3020469403958587,-0.04803759658728921,0.08343250232453572,0.08671054052346175,0.03856657030517125
75.3,244.1,3,0,0,0.2948684825115929,0.09938328576557322,-0.07438005612569688,0.0378604296324274,0.05578364104052739
78.9,3650.35,47,1,1,-0.2939793705045169,-0.056575356314574964,0.07174388595674,0.03401011371220305,-0.050765305623586866
79.2,2497.2,31,0,1,-0.28224662956682134,-0.05597693355621827,-0.07006449795081401,0.02801064518044658,-0.041299423915403026
20.15,930.9,50,0,1,-0.2863677916295084,-0.06285057075305858,-0.07084506677846276,-0.03538177248649032,0.02722500355484104
79.85,887.35,10,1,0,0.30296471828507376,-0.036334701046769204,0.09024584282144642,0.040170718725044345,0.030227567089625824
49.05,49.05,1,0,0,0.2889431880438223,0.10630132676422334,-0.07502634291212841,-0.06523910226069816,0.05470367835279586
20.4,1090.65,52,0,1,-0.2847789932851272,-0.05325924318206679,-0.0655699929839453,-0.049679291470070476,0.03512552507370972
111.6,7099.0,64,1,1,-0.2991389887141686,0.009237072009325725,0.0759832727593083,0.07685786721807727,-0.04210747388076929
24.25,1424.6,62,0,1,-0.2855072157282726,0.00737748982150067,-0.07638312622260034,-0.04049021582462169,-0.024456247180068405
64.5,177.4,3,0,0,0.2939897900353495,0.09955011503463276,-0.08281086483573957,-0.06446376992732428,0.0520691603031856
110.5,6139.5,56,1,1,-0.29332115653404806,0.0026229669449239286,0.05936704543998384,0.06678133556656622,-0.044029074300280406
55.65,2688.85,46,0,1,-0.2823455537110954,-0.05479329430069798,-0.07127949363365534,-0.060525915901186444,-0.04191581823095666
54.65,482.25,8,0,0,0.28945137946473587,0.10289967409538658,-0.08119213020811651,-0.07119314405609914,0.036560335478922526
74.75,2111.3,30,0,0,0.28320221696308806,-0.0675738350135812,-0.08172552594808966,0.022706021770998532,-0.04786666307683175
25.9,1216.6,45,0,1,-0.28908832990912736,-0.055618650927874144,-0.0728927774384258,-0.046067787351239724,0.029904609274674653
79.35,79.35,1,1,0,0.306984284714921,0.10446643273199081,0.08503550169794784,0.03498053776606704,0.06305596983869212
50.55,565.35,11,0,0,0.28525726218364195,-0.04429415386994674,-0.08910179986419006,-0.07159781710558002,0.03836698252805169
75.15,496.9,7,1,0,0.30721349269109377,0.1151362864559954,0.08415522154779645,0.021221128921941862,0.03437187709315946
103.8,4327.5,42,1,0,0.29823562562992895,-0.064180743928831,0.0775708577050481,0.07919910352147967,-0.05550937299012956
20.15,973.35,49,0,1,-0.2841505504914457,-0.057700969139288884,-0.07242707685724402,-0.04650382655335302,0.03676189732664737
99.3,918.75,9,1,0,0.30300420350351936,-0.04168903568069426,0.08702990865182372,0.08104785286427965,0.03647722836181386
62.15,2215.45,35,0,1,-0.2845479063293527,-0.059100626669467235,-0.06961674720065196,-0.05937582996191657,-0.03815644367827303
20.65,1057.0,48,0,1,-0.28394615519011146,-0.0549583657667019,-0.07248144449606204,-0.03739956409968509,0.02947923521734413
19.95,927.1,46,0,1,-0.2868664285265353,-0.059190785221954624,-0.06659760429153024,-0.042922759464726706,0.03235488325361766
33.75,1009.25,29,0,0,0.27895383404888363,-0.06947186314774903,-0.07966282506462122,-0.046062922745995646,0.03394588021934422
82.05,2570.2,30,1,0,0.29821110150604585,-0.07038020448308901,0.08509482948474345,0.03668721161854909,-0.04090790660388523
74.7,74.7,1,1,0,0.3075254914841419,0.10681194976153649,0.0803685395383019,0.030691936501211967,0.05218196706194354
84.0,5714.25,66,0,1,-0.28058332437947453,0.01500633550793316,-0.06768123701289376,0.03571796923526327,-0.03984770730830218
111.05,7107.0,65,1,0,0.3006593417020829,0.006461852265784467,0.08400474505854673,0.09029418588039498,-0.06141697873784518
100.9,7459.05,72,1,1,-0.29770571306326393,0.006053041560109201,0.0620435406028653,0.0696361544445661,-0.04665582514233409
78.95,927.35,12,1,0,0.29162226555354254,-0.03672932732456157,0.07875328366918559,0.03296286618376824,0.041727847922018176
66.85,4748.7,71,0,1,-0.2830988062832616,0.009454948782424578,-0.06705416500874459,-0.06965510167515716,-0.033242908900684105
21.05,113.85,5,0,0,0.29168578475681833,0.1031175767762376,-0.0866216445519102,-0.04989821154487401,0.05091214268335044
21.0,1107.2,52,0,1,-0.28262550670123204,-0.06104844271752238,-0.07130891158584517,-0.044486732789589284,0.03223230852172876
98.5,2514.5,25,1,0,0.297938230551877,-0.05159056031074537,0.08794705792697219,0.08139860205172032,-0.04174892364535221
20.2,20.2,1,0,0,0.2889282474703261,0.09204386935780753,-0.08165189475382907,-0.04995319221552136,0.053597094982126996
19.45,19.45,1,0,0,0.2912402788022068,0.10251309763630587,-0.08298225422810802,-0.05261084432483561,0.04779953309021647
95.0,3605.6,38,1,1,-0.30201701524674457,-0.06004137143989496,0.07004455037870118,0.07695955957154932,-0.05218220772942543
45.55,3027.25,66,0,1,-0.28020688281316947,0.01042340156645991,-0.07044950735448743,-0.05901913833632976,-0.04319554264459542
110.0,7611.85,68,1,1,-0.29676152977726505,0.007871491609490747,0.07092786903911229,0.06813894833684431,-0.04185774447285048
24.3,100.2,5,0,0,0.2831881791728858,0.1060350414651632,-0.08646586419352541,-0.04476120966780422,0.05642039241056083
104.15,7303.05,72,1,1,-0.29880195755345296,-0.0054765359616318916,0.07837924342385852,0.07887605204504942,-0.03656010688760883
30.15,927.65,32,0,1,-0.28345535709470027,-0.05700243811658967,-0.07215395446265362,-0.05221501487135854,0.029756583518566387
94.35,3921.3,43,1,1,-0.3001327893865359,-0.06714605263648513,0.07555196315793533,0.07534580553788184,-0.03675046092603469
19.4,1363.25,72,0,1,-0.29333472571884384,0.0034379687324521432,-0.07171715907919828,-0.053360179687704075,0.041639131357830574
96.75,5238.9,55,1,0,0.2998878248521022,0.007282589499020547,0.07923484427600272,0.0814446828245969,-0.05447621562148895
57.95,3042.25,52,0,1,-0.28427127340850716,-0.053995949266566215,-0.07081039769689679,-0.06061096068210158,-0.03321806471628859
91.65,3954.1,43,1,0,0.30276286359423954,-0.073756537493613,0.07983990762428025,0.08598265188336371,-0.06023447540444939
76.5,2868.15,37,1,0,0.29547313001817804,-0.066397562031759,0.08316764845274571,0.035422418403562986,-0.040170001941710984
54.6,3423.5,64,0,1,-0.28788232257805974,0.008182375873616109,-0.07072714121321708,-0.06246522881059189,-0.0396193416342987
89.85,248.4,3,1,0,0.3026621701484163,0.11006861237453752,0.08363532011102358,0.03263984101858851,0.04651745683970441
31.05,1126.35,36,0,1,-0.2828253593114015,-0.05254431314423561,-0.07270613337477241,-0.04172113646936086,0.0337162925746917
100.25,1064.65,10,1,0,0.29989575972882626,-0.052783620611508104,0.08184169154235896,0.07981919576016465,0.03891990367054384
20.65,835.15,41,0,1,-0.28295908848371504,-0.056115742168736854,-0.0706678173141367,-0.03892358289697655,0.033163364176989056
85.2,2151.6,27,1,0,0.2980490879627699,-0.03981129374960568,0.08218475831934587,0.031409301544844864,-0.03996910253068269
99.8,5515.45,56,1,1,-0.3062840011251732,0.0017846359780696445,0.07380277190770045,0.08043711234414054,-0.05454340608832609
20.7,112.75,6,0,0,0.2932355535896241,0.09761429401261189,-0.08138643789712598,-0.04924039683418251,0.054442266804702114
74.4,229.55,3,1,0,0.30499154832258424,0.11386959168459661,0.08561330151286609,0.03838990588679509,0.05457986488199588
50.7,350.35,7,0,0,0.30039239625109043,0.0977024961905846,-0.08828310145108642,-0.06695947651474071,0.05909660415489034
20.85,62.9,4,0,0,0.29541163739578175,0.09979020179921318,-0.08481130912118387,-0.05130716017579648,0.04880680869968875
88.95,3027.65,33,1,1,-0.29532814264977164,-0.06391012050906932,0.07326636524536766,0.040099295577492394,-0.04172688316278489
78.05,2135.5,27,1,0,0.29065596857289394,-0.04380512893812091,0.07449199357534377,0.027920214167715958,-0.04429604046557015
23.55,1723.95,72,0,1,-0.2837752333554165,0.004782644013023875,-0.07196288630978212,-0.045346724538967965,-0.0334777494075473
19.75,19.75,1,0,0,0.2948130550038261,0.10061636434037008,-0.08291068859638025,-0.04747935883135533,0.05140393836460921
56.45,3985.35,71,0,1,-0.2786482960400859,0.005202791201483552,-0.06581024397727991,-0.05869725988183829,-0.0436616824589636
85.95,1215.65,13,1,0,0.2952763494561834,-0.04996801373084955,0.08015432747144785,0.03199714634428249,0.04196457972780504
58.6,1502.65,25,0,0,0.290581294699201,-0.04426397540691861,-0.0944140214616816,-0.0643834650073633,-0.04167261640888677
50.55,3260.1,67,0,1,-0.2902218371930203,0.009280193701834652,-0.07376914087163301,-0.05552276274668779,-0.03657414532275439
35.45,35.45,1,0,0,0.29546643354652036,0.09980700404935752,-0.0791931826185432,-0.051337806431575025,0.052368719773642554
44.35,81.25,2,0,0,0.29329125038602216,0.11017555109924505,-0.08514913239069474,-0.06051079073406017,0.0499311708625011
25.7,1188.2,43,0,1,-0.2884214616517192,-0.05871155518428454,-0.06977110459023146,-0.04966025039011149,0.034208512690287546
75.0,1778.5,23,1,0,0.29348226106419695,-0.04064352012679019,0.08568325582606369,0.028862558460155875,-0.038893895108660655
20.2,1277.75,64,0,1,-0.29186902947347254,0.008743591567782604,-0.07662052424044274,-0.04505109944189645,0.03441380921544061
19.6,1170.55,57,0,1,-0.2901859754153971,0.004364250535218237,-0.07114126821233557,-0.0434208171075865,0.0312382463765182
70.45,70.45,1,1,0,0.30180109241785547,0.12064348259244409,0.07990847584181301,-0.06380008924652343,0.059817005139187286
88.05,6425.65,72,0,1,-0.28419258791698787,0.001205147292416316,-0.0680997736037685,0.030071819480513802,-0.03663251685265762
71.15,563.65,8,0,0,0.29001983305800866,0.10051463774226825,-0.0826664546415999,-0.062060615570515044,0.041699525064903584
101.05,5971.25,61,1,1,-0.3061831821151085,0.007702862786491773,0.07634881164121801,0.07886007381774715,-0.05303474072470336
84.3,5289.05,64,1,1,-0.2952775710100177,0.0018733430726993738,0.06713427716281349,0.027044556852190097,-0.04771748018130572
23.95,1756.2,71,0,1,-0.2921735793777325,0.0077723143951103765,-0.06408268470302707,-0.0458589984211495,-0.03981150420182172
99.05,6416.7,65,1,1,-0.29161719233982597,-0.0005014444029896542,0.07389296101221815,0.06897501654276995,-0.044842405972215775
19.6,61.35,3,0,1,-0.29213786637075906,0.08903011333309316,-0.07756042279567393,-0.052102098979036615,0.04594611017943583
45.65,45.65,1,0,0,0.2935853722541297,0.10243648979025372,-0.08299222017625989,-0.06292418158114896,0.049274883190341644
64.5,1929.95,30,0,1,-0.28183874152272187,-0.06445810828640973,-0.07158623401910168,-0.06985739262083601,-0.04038735210768839
69.5,1071.4,15,0,0,0.28092706761561964,-0.048736268847936214,-0.08384486713743979,-0.06426604134492318,0.040648628164025154
68.55,564.35,8,0,0,0.29755851721280513,0.111564554269145,-0.09034752899284473,-0.06767934407371803,0.03614789003662533
95.0,655.5,7,1,0,0.31160595768404964,0.10467534247889554,0.09097018367854152,0.08858718547374618,0.03446953785967004
108.15,7930.55,70,1,1,-0.3028634557837313,0.003249350552322906,0.06711150642981693,0.07181943580312758,-0.048995244380251046
86.1,5215.25,62,0,1,-0.2786161044319743,0.012104172331247488,-0.07178473435236989,0.025740336688507087,-0.03688043665251499
19.7,113.5,6,0,0,0.28969876338460177,0.10193460770755905,-0.08824362824515566,-0.04858709770412282,0.047706065001270774
80.9,1152.8,14,1,0,0.3030409579872979,-0.04759937721586999,0.08588185698318357,0.04016726927655869,0.03681658199259867
84.15,1821.95,22,1,0,0.2991983240497018,-0.04198314382804193,0.08572695958718404,0.040548273988792814,-0.04536116760264033
20.15,419.9,22,0,1,-0.28373770140492865,-0.03918229829075541,-0.0757713541076012,-0.05116002450288331,0.046277245847706025
64.25,1024.0,16,0,1,-0.286327692960094,-0.04000017086758761,-0.06793136426604623,-0.05830426503713081,0.036612325356703376
25.7,251.6,10,0,1,-0.2897940146838835,-0.032643034424929815,-0.07067209544529482,-0.04472790499344365,0.04285546643677073
56.0,764.55,13,0,0,0.2891646186379169,-0.04713551727495533,-0.09059383352579735,-0.07444914777196253,0.04340732100687586
82.4,1592.35,20,1,0,0.29142295498993775,-0.045752178013646054,0.08631606812746445,0.03742580015643427,-0.03720492758795407
69.7,135.2,2,1,0,0.30646156828374865,0.1076349022367486,0.08799461676029742,-0.06895615298816125,0.06418721083657565
73.9,3958.25,53,0,1,-0.2825083471303556,0.00684571490287772,-0.07579562514651349,0.03171494566882613,-0.04516494419124512
20.6,233.9,11,0,1,-0.2928033126602765,-0.037320693342227394,-0.07439912443450548,-0.04088950067478349,0.04652057077290884
19.9,1363.45,69,0,1,-0.2886926295330359,0.00831306147566309,-0.07077178445175267,-0.044292241937700906,0.033926576435215114
70.9,273.0,4,1,0,0.30737567849057895,0.10658546734651429,0.07934159794408577,-0.07067110227911907,0.05486908902218715
89.05,6254.45,72,0,1,-0.2785189888197505,0.004049155479629508,-0.06478695600655715,0.03480380648835808,-0.03868278167460409
45.3,2651.2,58,0,0,0.28070006843958356,0.008370201855646325,-0.0794380387714788,-0.06824601447212965,-0.03611802294393947
20.4,321.4,16,0,0,0.28345497759314475,-0.04581706176228715,-0.08044630942600674,-0.047331021010042724,0.05877860201976835
84.25,3539.25,43,1,1,-0.29049814454458883,-0.06150508438658404,0.07164478162775485,0.028002391577474414,-0.043178064994932826
104.4,242.8,2,1,0,0.3124427347144589,0.10806299390477736,0.08227701547676379,0.08142439095026775,0.05806261247424097
81.95,1181.75,14,0,1,-0.28652984825403455,-0.034041305042022546,-0.06381992423831136,0.027303167829557513,0.033683455475749594
94.85,5000.2,53,1,1,-0.300908735190091,0.002480941480170055,0.06894929704168902,0.07785353628534314,-0.03883022184640752
20.55,654.55,32,0,1,-0.29034535527429656,-0.05726201134674935,-0.07321864746188977,-0.03706088096157547,0.027762437516737567
24.7,780.2,34,0,0,0.27732606758883005,-0.06778899538549787,-0.087586031174817,-0.042927215918618214,0.035992808786071695
74.45,1145.7,15,1,0,0.30042738991480816,-0.045009954865684036,0.08658229777166808,0.032518182461286314,0.037922378507351376
76.45,503.6,7,1,0,0.304328967547386,0.11276638045338704,0.0858192459135321,0.033049766407808,0.04206494154271163
105.35,1559.25,15,1,0,0.2986337437549982,-0.04871808204393951,0.08571286642924959,0.07213295523568689,-0.03799765895063973
20.55,1252.0,61,0,1,-0.283194516777664,0.01367933891751488,-0.07202454494345736,-0.03810533911265526,0.03298594202166537
29.95,29.95,1,0,0,0.2968005801294024,0.10565615998844977,-0.08491859720590245,-0.0503511147083426,0.05398044021769023
45.3,45.3,1,0,0,0.2920675294035832,0.10378856655198523,-0.08457499347106213,-0.05883611175650379,0.05005791322050508
84.5,662.65,8,1,0,0.30295312419887627,0.11456179794960829,0.08726117490542373,0.03280458999499297,0.04130735646372124
74.75,2453.3,33,0,1,-0.2819533839233569,-0.05850697348284049,-0.07484843739123888,0.03191848553550009,-0.039185945896382184
79.25,1111.65,13,1,0,0.29748428733279575,-0.045774038077350435,0.08785826354688528,0.02772864199266598,0.0436379630385039
24.8,24.8,1,0,0,0.2969686640691745,0.10909318279637238,-0.08696817407692478,-0.04993267322322165,0.05833744700462147
51.8,1023.85,20,0,0,0.29097656375149394,-0.04763078393406674,-0.07813098361874113,-0.061152096751267086,0.03863773363333122
30.4,82.15,3,0,0,0.29067255675304643,0.10072446563578837,-0.08768291987459606,-0.05321938644369552,0.049631086178354426
19.65,244.8,13,0,1,-0.2859752928086841,-0.03983051048976207,-0.06957218683459987,-0.04871917038911997,0.0472085267755083
56.6,2379.1,40,0,0,0.28570372960070795,-0.06409839164370236,-0.07874966188753894,-0.06532887702324788,-0.045997572840353905
71.9,3173.35,43,0,1,-0.28160462812914233,-0.06237491066319256,-0.07199454532854115,-0.059182920800623755,-0.04174288990314246
91.0,531.0,6,1,0,0.31029141886101197,0.11511495915393058,0.08158762049305049,0.0850207116611437,0.037540978941255916
19.75,1375.4,69,0,1,-0.28069568685390284,0.00797610230923488,-0.06999060880952063,-0.0429540146612,-0.041665534467889384
109.7,8129.3,72,1,1,-0.3050455586793957,0.007031919788644112,0.06783518036451494,0.07096992113147878,-0.04823482621833371
19.3,1192.7,59,0,1,-0.28243374261192683,0.0016538293461856204,-0.0670637746921173,-0.050570442094228445,0.0317408636882559
96.55,1901.65,20,1,0,0.2973513052281542,-0.04210770877746621,0.08194534356434935,0.08095281962827536,-0.036159935660903815
24.1,587.4,24,0,1,-0.28350127111516427,-0.04371225849895233,-0.0771347600047689,-0.04631535892016561,0.03661610011449388
111.35,6519.75,59,1,0,0.30489306461935006,0.009597524021420048,0.08454316060079796,0.08899159996927773,-0.05301134789478548
112.25,8041.65,72,1,1,-0.2974009954144906,0.005907358890338364,0.07266404550432912,0.0706269989360344,-0.03986176629304768
20.75,20.75,1,0,0,0.2929690849457823,0.10236893877910878,-0.08425957793650983,-0.05485707048416044,0.04698161250856139
101.9,2681.15,27,1,1,-0.29954986035991216,-0.03848972846896848,0.06463141173823682,0.06844728017347952,-0.04059178228133553
80.05,1112.3,14,1,0,0.2941352300157742,-0.04529749893593675,0.08424368577206776,0.03317147701038443,0.03613513417752241
105.55,7405.5,71,1,1,-0.30102923046724706,0.004932713061118856,0.06993203592535148,0.0687233088041818,-0.0500210241130729
78.3,1033.95,13,1,0,0.2990315290486818,-0.04956615722031443,0.08983519913701822,0.0302885163973572,0.04141352871846981
68.85,2958.95,44,1,0,0.29407463161105646,-0.06632295157787564,0.07801133785055278,-0.07007440108548256,-0.04140586044876371
79.95,2684.85,33,1,1,-0.28930724580368405,-0.06321869081928014,0.07112743451120285,0.02928384248835291,-0.035256892182920885
55.45,4179.2,72,0,1,-0.2813908443597167,0.010790823963335682,-0.06781730470405035,-0.06676248867827211,-0.041329404068408494
79.9,79.9,1,1,0,0.3067542899458021,0.09884453056791698,0.08230764789538834,0.030063088295103527,0.06159859594911039
106.6,1934.45,19,1,0,0.2988650114876266,-0.04240574522006206,0.08998012254054508,0.087091115616939,-0.04716527065780101
102.45,6654.1,64,1,1,-0.3014873025900502,0.000926752548483963,0.06807963093004711,0.07212536816318327,-0.050847304118450204
46.0,84.5,2,0,0,0.286834218742959,0.10656966507606981,-0.08248625161738336,-0.06607273924630903,0.04755557734831901
25.25,25.25,1,0,0,0.2937681879094942,0.09366666044212081,-0.08465048061100834,-0.04946377436822857,0.045746967694269544
19.75,1124.2,61,0,1,-0.2899818858198961,0.0024096457359578014,-0.07704351300123388,-0.045847733169135506,0.03179916062332624
20.0,540.05,29,0,1,-0.2848389149847652,-0.06409396108805336,-0.07820691893316249,-0.04271842577404496,0.03667607828104201
86.8,1975.85,23,1,0,0.30257848109302693,-0.045782701604749475,0.08585373410045073,0.03512147266574389,-0.04444804254141802
58.75,3437.45,57,0,0,0.28770658001252347,0.0003713019893023901,-0.08231321905473628,-0.06720366014050014,-0.037142463006210144
45.25,3139.8,72,0,1,-0.2846463408273123,0.009341165796296876,-0.07275674085402946,-0.066204403322989,-0.03849073160943992
56.6,3789.2,66,0,1,-0.2862344021469453,0.009669700078384968,-0.0641741173487274,-0.05291290087328283,-0.044733929485749606
84.2,5324.5,65,0,1,-0.2842608921770604,0.0012126286256685082,-0.06691941254117924,0.0353747961652593,-0.043766946714386745
80.0,624.6,8,1,0,0.3053615930455144,0.11985174337308672,0.08369145577011129,0.029895578321614262,0.04019058812635056
70.15,268.35,4,1,0,0.304066345668543,0.10438780201152574,0.07931322910146069,-0.06182917680472371,0.054991356916166995
24.75,1836.9,71,0,1,-0.28584720352678233,0.0051711473035064475,-0.0738684051450677,-0.04840634644359236,-0.034387867795032806
20.2,20.2,1,0,1,-0.2941984188333279,0.08872907592807777,-0.07249590688959916,-0.04599503899949997,0.049352569623719034
50.05,179.35,4,0,0,0.2968259449099804,0.09949467436493681,-0.08682934480762174,-0.07668815148955874,0.04928004635860271
19.35,219.35,12,0,1,-0.28469779681663626,-0.03858247725639629,-0.06762276081016544,-0.048845074352859084,0.04500878151353412
50.6,1288.75,24,0,1,-0.2885868688408048,-0.03885125365812163,-0.07971283890379191,-0.06464859393197277,0.03466518916657165
81.15,2545.75,31,0,1,-0.2827481078866608,-0.057068389190203066,-0.07153182800647134,0.03294879610561063,-0.03231434233874794
55.2,55.2,1,0,0,0.2967819506939462,0.10371192924315129,-0.09090421601746666,-0.06314210548970618,0.05926238159850799
89.9,2723.15,30,1,0,0.2995482269765087,-0.06581003499110019,0.07636620440588922,0.03202484068520784,-0.04444828128543278
85.3,4107.25,47,0,1,-0.28192344308430684,-0.06155043231859511,-0.07107588816245111,0.025028568300233592,-0.03900561434131409
108.0,5760.65,54,1,1,-0.301515718111849,0.008254735120280358,0.07638417548786329,0.07447213727344844,-0.03850504955725783
93.5,4747.5,50,1,0,0.29769975980488533,-0.062783110708781,0.07604151663947467,0.07900993931505534,-0.060784726167881956
84.6,84.6,1,1,0,0.30921671731001826,0.10435730261332941,0.08355999331596657,0.029959864576197925,0.05267760053009593
20.25,1566.9,72,0,1,-0.28243512976219465,0.015818753202316606,-0.07505917541561469,-0.03998270040192477,-0.03751242499051788
25.15,702.0,29,0,0,0.28317836161780807,-0.06627582320019411,-0.08369407579547708,-0.05609791882142377,0.03433862602394813
54.4,114.1,2,0,0,0.2932769282306455,0.0999424546779071,-0.07691667598643193,-0.06551784110377204,0.05630018794009462
29.6,299.05,10,0,1,-0.2902928261721586,-0.033755639196579715,-0.07217706345789864,-0.04395055470190633,0.039317548314993137
73.15,1305.95,18,1,0,0.2945152327943866,-0.03187696542892454,0.08036262053358251,0.031691306040820204,0.04048216850281714
95.0,1120.3,11,1,0,0.3021483625447402,-0.04464957247545583,0.09061877131091078,0.08133894111583705,0.04318026993352123
19.75,284.35,16,0,1,-0.28466233465094076,-0.037656342571385164,-0.0704864216462514,-0.04095068753002872,0.0498661044940609
86.6,6350.5,72,0,1,-0.2837613209226932,0.006535665217939895,-0.06282275896251915,0.029580137430097086,-0.0421550144348259
109.2,7878.3,72,1,1,-0.3034168829948216,0.0022597591718328046,0.06894913621084602,0.0792808493736822,-0.04362839712390691
74.7,3187.65,41,0,1,-0.28078867803657886,-0.05545914352340326,-0.07143794733417401,0.03404652743418636,-0.03309439071308535
94.4,6126.15,65,1,0,0.29914389810584013,0.006974496335902118,0.08253145609694829,0.08057561929760494,-0.04410480932559059
54.8,731.3,13,0,0,0.28886811928068357,-0.04099003465727304,-0.08507351233729382,-0.0636445833809757,0.04149912734655757
75.35,273.4,4,1,0,0.30857913864343905,0.11037195956898774,0.08450584871698363,0.036008057384952934,0.05734814150509022
65.0,2531.8,41,0,1,-0.2826162743211288,-0.062393946609800126,-0.07433791583015223,-0.06807337877964435,-0.032234496549779335
74.4,1074.3,15,1,0,0.2936117111608298,-0.046507086308033886,0.08457981739202565,0.03846146763640261,0.04537365173784771
48.55,48.55,1,0,0,0.2902600932713317,0.10160115457700168,-0.08746726211313759,-0.06059529874327811,0.056909217804020314
99.0,4298.45,42,1,1,-0.2977875873190413,-0.059071709945997024,0.06646165921051504,0.07012753546931032,-0.04562001248694347
93.5,4619.55,51,1,1,-0.28643401461085977,-0.054504562862288004,0.07346663226104364,0.0714145047913143,-0.04275717205721119
70.4,147.15,2,1,0,0.30673600037798826,0.11812212963013949,0.08895075533873062,-0.07191332190046262,0.0554370054453523
40.2,40.2,1,0,0,0.29397808595495756,0.09762100677788219,-0.08443009212646302,-0.04758306508025192,0.05349854725688773
83.7,2633.3,32,0,1,-0.2820477493289202,-0.05425565577230157,-0.07516916023543858,0.030987086543045127,-0.03636435876892766
19.85,193.05,10,0,0,0.28336562077726063,-0.03986094021378307,-0.07519548083064061,-0.04867720937241669,0.053480645096749276
59.55,4103.9,67,0,1,-0.2800864508672527,0.003076662322795911,-0.0679195154717208,-0.05977720965500624,-0.03817570418661397
115.1,7008.15,61,1,1,-0.29739811729835053,0.004631256749909322,0.07256767052700729,0.06869553406439333,-0.0476663366314649
114.35,5791.1,50,1,1,-0.29543537515220636,-0.05951626508406275,0.07130370161288664,0.07271311884458438,-0.04959906178043983
44.6,80.55,2,0,0,0.2960184998569359,0.10287477248416352,-0.08341576723339163,-0.059866703782251986,0.06151672164042291
45.0,1228.65,29,0,0,0.28309307378622695,-0.07481104055609204,-0.0752660610248523,-0.060291440353329645,0.0385303993333499
41.15,132.2,3,0,0,0.29657954407848186,0.09799804289346838,-0.07981340786083017,-0.05409678393418794,0.05228525825892389
106.9,1364.3,13,1,0,0.3000542727557849,-0.04248092811250419,0.08424420747269523,0.0838502890150667,0.03646850499372298
89.85,4925.35,57,1,0,0.29163427228068356,0.003320901614302108,0.08741999511332692,0.030963491819265273,-0.05341708367524129
49.85,1520.1,31,0,1,-0.2823812904396974,-0.06390435025238357,-0.07526597456510412,-0.061407366655862154,-0.0432764114578976
113.3,5032.25,45,1,1,-0.3037989827763687,-0.05732969712872736,0.06985884439808596,0.07659541938985552,-0.04786209459582433
88.1,5526.75,61,0,1,-0.28882152325962596,0.0034632892134673528,-0.07164500062075464,0.03410684999644877,-0.04129669776531278
24.9,1195.25,50,0,1,-0.2834738649719265,-0.06235939660004792,-0.06951674638336292,-0.0480243547940268,0.028483704478348554
105.0,2007.25,19,1,0,0.2949930321910528,-0.04154138002253472,0.08095787045074493,0.07937247056848871,-0.04057815583878766
19.35,1099.6,59,0,1,-0.28611690940822965,0.007634410283374515,-0.0710242988339501,-0.04839870467359996,0.03657975347862506
24.25,1732.95,71,0,1,-0.2847637238635401,0.0029940231991196944,-0.07508852432512643,-0.04211042369756381,-0.03964112706089132
94.45,1511.2,16,1,0,0.3036100846836479,-0.04667800393525622,0.07999692947384594,0.08106444103702952,-0.04554693997921759
59.75,3450.15,57,0,1,-0.28904875115712936,-0.002016073900864038,-0.06615013184021352,-0.07081037972166614,-0.03872304636698005
24.8,24.8,1,0,0,0.2964258546703443,0.10193877038517545,-0.08551205003324054,-0.04768934935124023,0.05053515848240589
107.05,2172.05,20,1,0,0.3068576820072965,-0.051953304014303085,0.08612912848641424,0.09259885396164048,-0.03429650008472958
70.6,70.6,1,1,0,0.3086316388191813,0.10853899537833604,0.08648589818980071,-0.06342039696419341,0.05339450616562078
85.4,401.1,5,1,0,0.3108786503945223,0.11187673800320222,0.08955715770530044,0.03846390843063516,0.06609565496658316
105.05,5624.85,52,1,0,0.30051645644765923,-0.06762370558321074,0.0845118483728897,0.08591842383003487,-0.05746806579553998
64.95,1339.8,21,0,0,0.28318067090776333,-0.044824288611236704,-0.08913212356868419,-0.06995291749858017,0.03788227772948649
55.0,771.95,14,0,0,0.2838172711119584,-0.04485266891945877,-0.08162613371327879,-0.06351428679266759,0.034343247621026626
50.55,244.75,5,0,0,0.29294400915962726,0.10392136619335429,-0.08388808453668,-0.06308344963367148,0.059811461353045624
55.15,322.9,6,0,0,0.29270195215273054,0.09852061601837743,-0.08301280097672613,-0.06050222989334108,0.055309239237814306
51.2,498.25,10,0,0,0.28036747854183053,-0.04846164274873211,-0.08896940592830381,-0.061138389762352155,0.042083516137281465
25.4,25.4,1,0,0,0.3001920043395365,0.10448914928270103,-0.08220962325978202,-0.04666607314633979,0.04727215164587305
54.45,3687.75,68,0,0,0.28671454443084304,0.01346978857872831,-0.07594855650420465,-0.06834092310149445,-0.05222108034000235
95.15,1779.95,18,1,0,0.30209493295280804,-0.04358412995584409,0.07957994170635888,0.08379426948198769,-0.04489599556704243
76.0,1783.6,22,1,1,-0.2979056639411369,-0.040624334195668584,0.07120357945194387,0.03734677156005528,-0.03486644318252162
44.35,927.15,20,0,0,0.2811694426123543,-0.04519304569720183,-0.07904995479214488,-0.07075749370061134,0.04103234314840775
70.0,70.0,1,1,0,0.308806063293104,0.10172710910964947,0.08885964001463571,-0.058408606205629855,0.06369358113449516
74.5,606.55,8,1,0,0.30568009711637745,0.10116910867992523,0.08575766692695891,0.039291520347334255,0.037962700708557486
44.85,435.4,10,0,0,0.28980880750132504,-0.042669366127026924,-0.08479294005115155,-0.06867180622083427,0.03133978870803814
76.1,1712.7,24,1,0,0.28864989320630424,-0.04261211007863977,0.07117118765773818,0.04497650762492511,-0.04123916934134082
61.2,2021.2,35,0,1,-0.2889161106472319,-0.05541861534589261,-0.06949425327554494,-0.06738350280378834,-0.0356910155471508
86.8,1940.8,23,1,1,-0.2960745252877881,-0.039092642748864065,0.07025844867539713,0.03571097086235736,-0.041924500313946754
89.35,567.8,6,1,0,0.3114269765375576,0.10856304857977622,0.07848989441836092,0.03337165101987782,0.037468944497490456
19.7,220.35,12,0,0,0.28234908720247354,-0.03441810677900496,-0.0877459255047922,-0.05113244581073282,0.05001005545382121
20.25,20.25,1,0,0,0.3018508549602673,0.10689820885097284,-0.08877469874441443,-0.04552846164798779,0.053658586504728246
76.05,5436.45,71,1,1,-0.29258514463498353,-0.000419516252997453,0.0668699709970893,0.036769025532321586,-0.043575262941427585
100.8,3437.5,35,1,0,0.29975899276147566,-0.06410867872804207,0.0835768265770339,0.08556894070359167,-0.04946786319577127
74.55,3015.75,40,0,0,0.2834491757395429,-0.07386171581879339,-0.07825170823095182,0.03169625884587768,-0.03935787757558615
73.6,73.6,1,1,0,0.30645568238023696,0.11101984348452021,0.08623633866617005,0.0375849894019357,0.05608619198337204
64.9,1509.8,23,0,1,-0.2834713042408631,-0.04450630494239277,-0.07129953343355222,-0.060203148730626495,-0.037203334282284825
95.45,396.1,4,1,0,0.31387480002767104,0.0992595782407146,0.0922187535348334,0.08562989936465232,0.05770146623874518
90.4,356.65,4,1,0,0.30893429678669554,0.10978442846656072,0.0854284644978167,0.08660316159874187,0.06248227419536024
60.3,4109.0,68,0,1,-0.28090494292424334,0.01285182330272074,-0.07400119588588334,-0.06518420585260248,-0.04501460062384875
81.85,3141.7,38,1,0,0.2924302923187535,-0.06480805427052712,0.08149971799493715,0.04061184529853625,-0.03428268775617859
24.8,1229.1,52,0,1,-0.2778092712535099,-0.05834000853079897,-0.06612833078098589,-0.03992966677994017,0.024389913139701496
74.9,2303.35,32,1,0,0.29621705799919634,-0.08051913021001844,0.08931345436502944,0.03296452713113445,-0.03882697015232679
75.55,2054.4,29,0,1,-0.286898246654542,-0.06360603844515095,-0.06598623560303048,0.030813195432211164,-0.03734756066805788
101.15,3741.85,38,1,0,0.2967241025602716,-0.07732717068653369,0.0775277926126149,0.07376294809546953,-0.04571877508894044
78.75,3682.45,48,0,1,-0.27713283432057206,-0.06102311326400914,-0.06857276929619437,0.03357718023502261,-0.03645274020037034
19.25,19.25,1,0,0,0.29727058435344605,0.0973863380125113,-0.08805727078133746,-0.05258209382701758,0.051067044738361184
89.05,1886.25,22,1,0,0.2918583128405344,-0.04901586796960696,0.08582998353453102,0.039673328169866635,-0.042944524429106234
115.05,4895.1,43,1,1,-0.29542331095950375,-0.06280105760296796,0.06481508511258097,0.06539335849447589,-0.045718786866868866
69.35,341.6,5,1,0,0.3024722299991073,0.10696887436595223,0.08375353891515844,-0.06071712268992984,0.05630692736264424
80.6,415.55,5,1,0,0.3016030578235125,0.11198276750854384,0.08991039588310952,0.04050070875115705,0.05590887327131153
110.05,5686.4,51,1,1,-0.29239937696406965,-0.050374703873223486,0.07348183946117323,0.06831419710062067,-0.03881016527239519
19.9,1355.1,71,0,1,-0.2855551831816163,0.006902885529839812,-0.0704466529280469,-0.036108414019845436,0.031769206705073744
80.3,3058.65,38,0,1,-0.28088125824334026,-0.06015601947873654,-0.07326126731284319,0.04267544710552045,-0.03805438150024286
93.15,2231.05,24,1,0,0.2976112998859969,-0.04281880735702586,0.0798657686583743,0.07622338162236732,-0.04849913372514646
91.5,3236.35,35,1,0,0.2958749938365426,-0.06076173924813691,0.08571633406222717,0.07700448083845865,-0.04205569598417793
82.45,4350.1,54,0,1,-0.28648511066560345,0.00600305144942434,-0.06788367093751149,0.03475654277179812,-0.03879668901069161
60.0,4264.0,72,0,1,-0.28199087011593527,0.00980489273699189,-0.06379585359245485,-0.06038670713670229,-0.042247554237333694
44.8,44.8,1,0,0,0.29111564779311216,0.09550187890455968,-0.07699512520971608,-0.060319597226523525,0.05678846280290552
48.6,422.3,9,0,1,-0.2830842774118902,-0.03557557997262754,-0.07126513007116957,-0.058277978210516446,0.03637489303579022
60.05,4176.7,69,0,1,-0.2843088398724139,0.0032699175370031024,-0.06543476779389527,-0.05983557176958233,-0.04697240205143454
102.7,5138.1,52,1,0,0.2940310195886905,-0.06499073741784046,0.07926480172666343,0.07280362976894143,-0.060027658513525546
82.9,880.05,11,1,0,0.29656241229206914,-0.04171497325487803,0.09155972678270188,0.028564646260889982,0.03521856088986751
70.35,139.05,2,1,0,0.3120392331584461,0.10832797584304997,0.08715532326234064,-0.06500912472487559,0.053690189762674305
35.9,973.65,28,0,0,0.28579706177025455,-0.05020921545910397,-0.0756913582455369,-0.04095151874099023,0.03215648245726244
82.65,1470.05,17,1,0,0.2952053932252281,-0.03689654868119587,0.09039030974213726,0.030493816633912107,-0.045903122067071166
19.85,739.35,35,0,1,-0.2863464648035558,-0.055283997261336947,-0.0716529116067891,-0.040838330824470595,0.030973211177787226
19.2,161.95,8,0,1,-0.29033291396436156,0.0821714902384949,-0.07262662604231801,-0.05353830373085388,0.04487331143045877
94.9,4422.95,46,1,1,-0.28903741714353387,-0.0575016992373815,0.07583021274442259,0.07630637814830873,-0.042226524691266705
73.85,511.25,7,1,0,0.3084738340359845,0.1137877457438188,0.09201355693815791,0.033917928467676564,0.03741279469020492
80.6,155.8,2,1,0,0.3012328229559467,0.10315233297058903,0.07948162382483796,0.02876418178844797,0.05517964985050162
75.8,5293.95,68,0,1,-0.2813858750350272,0.0014461362133167926,-0.07076503290100303,0.032038442340073324,-0.040635653493022866
104.6,4759.85,43,1,1,-0.29328679177148775,-0.05962492669722642,0.07175474635518704,0.07142439726018353,-0.048827977510637194
88.15,6148.45,68,0,1,-0.28806002990566437,-0.004662481466991918,-0.0670682486882312,0.030108716257544303,-0.041301700194975706
94.8,3565.65,36,1,0,0.2974123347387538,-0.07048552644940821,0.08487706655345945,0.08366739084846166,-0.03920662974699712
103.4,6603.0,63,1,0,0.2975617827746601,0.011697281643055968,0.0816200414626464,0.07500627347524234,-0.0483678992366349
54.65,1830.1,32,0,0,0.27680981552686434,-0.064541685297162,-0.07785506873301197,-0.06412506995530044,-0.048294342988131705
85.75,6223.8,71,0,1,-0.2790738255358387,0.00878135325536424,-0.07100310517095801,0.03718347445885137,-0.0467391744781287
67.45,4508.65,66,0,0,0.28426587343947457,-0.002912541414636035,-0.08363994915887439,-0.06258071632208283,-0.05249813832899438
20.5,1328.15,63,0,1,-0.2882233379578728,0.0045486661650994435,-0.07413501283120744,-0.04613465992865693,0.03326713522692689
20.25,865.0,41,0,1,-0.2864278013017111,-0.05659272705109372,-0.07650622957164181,-0.043200152076760846,0.03777751099464431
72.1,72.1,1,1,0,0.30870382009839337,0.11212620097377872,0.08464275780740527,0.028410743510519865,0.05728558313219132
90.4,168.2,2,1,0,0.3076305344795606,0.09963925006831259,0.0793948298398996,0.07801926092118845,0.06423231321345105
19.45,1303.5,70,0,1,-0.28661657907397414,-0.005088292173961787,-0.06749669018737764,-0.045739104898627335,0.023095698674779567
44.95,996.85,23,0,0,0.286749510546873,-0.048001858268927784,-0.08855284193660366,-0.06786141997001074,0.03928164950793183
97.0,6430.9,64,1,1,-0.3039095301657594,0.0013908002078814208,0.07234264377222506,0.06607436645069567,-0.0578668445132431
62.8,2278.75,37,0,1,-0.28127064056221185,-0.05985743926467225,-0.0709658048184015,-0.0691521057525748,-0.04009725765386112
44.6,681.4,17,0,1,-0.282404003660356,-0.03653592383320354,-0.07927054118707265,-0.06670232775649215,0.03018760220652284
89.15,574.35,7,1,0,0.30735073707826444,0.10385477639657653,0.08457006075292268,0.039015617083057064,0.037682312118453916
84.8,371.9,4,1,0,0.30866760720604164,0.11319468857536474,0.08683914593152649,0.03388381875121828,0.06241151350345692
41.9,840.1,21,0,0,0.28472113363016605,-0.04672389213664343,-0.08234438363302862,-0.04642251108407111,0.043253994829819925
80.25,846.0,10,1,0,0.3056332776332731,-0.03948399841672257,0.08507177870443282,0.024378783550383587,0.037570937661466616
54.1,889.0,16,0,0,0.2804645303205186,-0.04772339249294636,-0.08567354710118656,-0.06389904262558252,0.041911226511216974
105.25,6823.4,64,1,1,-0.29981415845873965,-0.00042408246141442695,0.07981196894447225,0.07358145140408553,-0.052255540619984074
30.75,805.1,27,0,0,0.2914246923694128,-0.04728028011801462,-0.07631981721271983,-0.05150001564226569,0.03526408823660906
97.1,4016.75,42,1,1,-0.2964257110955274,-0.061967958569254834,0.06453963558350956,0.07522899414643669,-0.0491704652779841
20.2,83.75,5,0,0,0.29456741220519855,0.10503088043746363,-0.08144267962789196,-0.054505802236292714,0.048085041421500094
98.8,3959.15,41,1,1,-0.29929752669837645,-0.05660593573479991,0.07333760510858116,0.08184765412351222,-0.037764416370708175
50.3,2878.55,58,0,1,-0.28960893327533965,0.004932820037248578,-0.07438750038379735,-0.06566624091558956,-0.033116863327113215
20.55,945.7,47,0,1,-0.2867865595634119,-0.05780281765363872,-0.07387382153072122,-0.047816556059677356,0.03549555679922178
75.9,1373.05,18,1,0,0.3030959958360722,-0.04973381548111401,0.08543198992687993,0.0355566994026573,-0.0454067288634579
96.5,492.55,5,1,0,0.3092362790102585,0.10549893926785973,0.0842218548797616,0.08181809023410949,0.034753826458818186
59.95,1406.0,23,0,0,0.27999484531937047,-0.04124659989890453,-0.08093519986975231,-0.0656495837982773,-0.03628897063651524
19.15,19.15,1,0,0,0.29099691179508874,0.09763523927905626,-0.0857758447337981,-0.05685963646672295,0.0405008927578111
98.65,6962.85,71,1,1,-0.2988142591923148,-0.002344185191385407,0.06620490991092157,0.06879324841592516,-0.04158489532712302
112.6,8126.65,72,1,1,-0.29571047951991447,-0.002587974026750885,0.07504520180132393,0.07343202424469754,-0.04391502867792462
20.6,690.25,33,0,1,-0.2874007328664019,-0.055349012811138285,-0.0728272557878674,-0.04119656214229473,0.0341245471191318
85.65,181.5,2,1,0,0.30582283027530305,0.0995638677784028,0.08358352132309016,0.032579363515769046,0.05887512601626963
35.75,830.8,24,0,1,-0.2881495832601705,-0.03944859815321396,-0.07454823813713776,-0.04777293147788272,0.03299889148415447
99.75,5608.4,56,1,1,-0.2881186082103474,0.011841608394527976,0.06341739394742553,0.06836394870481487,-0.04512356904092233
96.1,3646.8,37,1,0,0.29998929732352997,-0.07386572713792423,0.08716938530939103,0.08709649183212352,-0.05207798734230307
85.1,3662.25,43,0,1,-0.2762046155007695,-0.05869954924265235,-0.06874654485392691,0.03134044822906262,-0.038646860544804054
25.35,25.35,1,0,0,0.2880625502701649,0.10087404874355448,-0.08236351929514123,-0.05515390729060136,0.05342361131849682
104.95,2566.5,25,1,0,0.30540343734975317,-0.04814545119396802,0.08374431895513683,0.08815532163038944,-0.04623674686880329
89.65,5308.7,61,0,1,-0.2836632593936933,-0.00046507479183474323,-0.06638119080792992,0.03611443378458755,-0.03649384238221931
86.75,1410.25,17,1,1,-0.2952741082581922,-0.04217944552310981,0.07530374688949938,0.04086635086761246,-0.031803591627081004
86.2,3339.05,41,1,1,-0.2944812686361806,-0.06281729866217826,0.07204892964774393,0.04711325273083207,-0.03520372352309402
50.65,50.65,1,0,0,0.29780938545788155,0.10322901690977417,-0.08404950036120609,-0.0583444442952946,0.05213174369262771
64.8,4732.35,72,0,1,-0.28759630344352477,0.004293743625018954,-0.07022848983979199,-0.06767077481975456,-0.04385546176786861
90.85,90.85,1,1,0,0.3144167733780151,0.11074955481223576,0.09027294803681647,0.07969144896125155,0.05922700101353669
108.1,5067.45,48,1,1,-0.29235596560341565,-0.06970623460010675,0.06837510422516296,0.068483618296313,-0.046372666835365346
19.95,214.75,11,0,0,0.2884601736786013,-0.037360477775599595,-0.0800088237631103,-0.05309522280226838,0.042499462869500876
85.45,4874.7,55,1,0,0.2919116560243129,0.004579039047921508,0.07647970983363225,0.03394683984851165,-0.05796399471208796
54.75,2348.45,42,0,1,-0.2872640590539154,-0.058398620239009234,-0.07100897362960341,-0.06336485670809992,-0.040155865496483305
90.4,4063.0,44,1,0,0.29689947759705804,-0.07721523771113925,0.08154475126651162,0.08585780381279873,-0.04758770698755825
44.0,44.0,1,0,0,0.29445861781152916,0.10392177260700888,-0.08197724238421154,-0.045370380299394705,0.05251859455641589
95.6,2595.25,27,1,0,0.29694446578586475,-0.04987157218021984,0.09081026591392091,0.07696738736152457,-0.03983436784969431
84.8,2309.55,27,0,0,0.2815371808154528,-0.04686761490039318,-0.08318956790159293,0.03533897511098754,-0.040977021280783434
44.3,89.3,2,0,0,0.28985129309752816,0.10039528177348975,-0.08534764490398468,-0.05324859977435761,0.056444696318724
19.9,367.55,19,0,0,0.2846483782277779,-0.04720248930314354,-0.08094088930471806,-0.04849574716476732,0.04622310042981149
95.05,3944.5,42,1,0,0.29535228186344836,-0.06425038804980691,0.08244872743798567,0.08762742189126944,-0.05793210152249431
90.05,5965.95,66,0,1,-0.2818518944565477,0.006845533650366957,-0.069007430752438,0.032007550822509556,-0.039898556680567826
109.9,3694.7,33,1,0,0.29273698206714294,-0.07740786283494278,0.08366114559228538,0.08396050573917943,-0.055581368429182675
73.95,2524.45,34,1,0,0.29817734600297535,-0.06156498680014503,0.08459616788965198,0.0392618668364639,-0.0424811033902993
54.6,1803.7,33,0,0,0.2905662702912963,-0.06911077724609986,-0.0858336643916914,-0.06801236059600065,-0.04309843077466828
20.05,415.1,23,0,1,-0.2854900406367967,-0.03781902211314622,-0.07758642659936017,-0.04402193972012747,0.043929273536807985
19.75,624.15,32,0,1,-0.2899521286236579,-0.05948580521592781,-0.06808322255449582,-0.049386578108708314,0.0310627269267847
20.05,237.7,11,0,1,-0.28637352240519615,-0.039667847895837424,-0.0729814277270591,-0.050880559556089326,0.043260162921953796
99.45,7007.6,69,1,0,0.30379981028298747,0.0036163182574574185,0.07833220595263579,0.08026395454215954,-0.05163008818135306
55.9,3848.8,68,0,1,-0.2792470320687956,0.00019652686463013247,-0.06458765029195492,-0.06281939243408562,-0.04591786225117042
19.7,419.4,20,0,1,-0.2951663970035902,-0.04032835122843654,-0.0679661011939925,-0.05124697386115292,0.0446357071251241
19.8,1468.75,72,0,1,-0.28111603759532416,0.0038844536725110524,-0.07134271271753989,-0.04099570334110255,-0.03524177621116834
95.4,5812.0,60,1,1,-0.3049076485779211,0.014325769698807597,0.0693851233689878,0.06847544668135598,-0.050230898711216644
93.95,2861.45,32,1,0,0.3053669569431392,-0.07125255430174282,0.08018457234162422,0.06872683292022098,-0.0394954002328375
19.9,19.9,1,0,0,0.293250315421343,0.10416507571250753,-0.08463153123299347,-0.05363573626276109,0.04648417086372843
19.6,19.6,1,0,0,0.2994163731420434,0.10428878974009556,-0.08570299410336817,-0.05418292161624098,0.04854353628885914
81.35,233.7,3,1,0,0.3154654922371658,0.11132993953666574,0.0799700344090685,0.04499589506772141,0.05865822551171847
24.45,1066.15,46,0,1,-0.2863241981838212,-0.06211910997533166,-0.07198795017806564,-0.047320907444877935,0.023786838814058818
74.95,2149.05,29,1,0,0.2911010186043995,-0.06691965161109587,0.07498980565345573,0.02979728872436184,-0.035067550218176424
87.35,4473.0,51,1,0,0.28905764720692706,-0.07274112486143594,0.07829393137307113,0.035434592691282366,-0.05502003526055412
70.65,3545.05,48,1,0,0.29534915723527616,-0.066808835642463,0.08389081691084087,-0.06989789842533048,-0.04489401993339486
73.25,1195.75,16,1,0,0.2993462480898634,-0.035521909188479514,0.08119381992878459,0.029208177720506198,0.03856185499377793
98.7,6858.9,70,1,1,-0.2961113163271217,0.011500862905085542,0.06864170128159267,0.07143608315013088,-0.04031556678020499
24.8,1024.7,40,0,1,-0.2854015220123972,-0.05956755954109992,-0.06823213069916811,-0.04692801579089707,0.029761611939849428
83.3,1845.9,22,1,0,0.3010429027494216,-0.04710494933997882,0.0823422046269541,0.03515201409582599,-0.03930248976625907
75.3,75.3,1,1,0,0.3063188424583994,0.1106775862644172,0.09137920797760728,0.040447185489268955,0.05390271125089328
24.3,132.25,5,0,0,0.29622443515265595,0.11490173461038265,-0.08273373590269964,-0.04964581828616283,0.04692539489233274
69.85,515.45,7,1,0,0.3065957113386969,0.11319608857898297,0.08476852725599872,-0.0681200603763138,0.03649719934198587
100.55,2830.45,29,1,1,-0.300973800173205,-0.06556103410844968,0.073828400387198,0.07444329377702126,-0.04650357648344857
25.7,1110.5,44,0,1,-0.2873574679637443,-0.057933222033706044,-0.07127093008302825,-0.044846969635105906,0.03503618398017461
40.7,449.3,10,0,0,0.28886493429019905,-0.04251567201240052,-0.0792393547230209,-0.04683025438743435,0.03850228091840871
51.65,2838.55,55,0,0,0.2869989441395757,0.007575736207726383,-0.08118530202870208,-0.07075447926232907,-0.04076346877480408
105.1,5376.4,52,1,1,-0.29275700453146836,-0.061889994847675406,0.07031662221948047,0.06268822063410616,-0.043028741457381565
85.95,858.6,10,1,0,0.2952025008429827,-0.048074122564319456,0.08187376621616124,0.02770250939735378,0.03891252628049183
75.6,1395.05,18,1,0,0.2934616504526858,-0.04831729082852605,0.08339317947916212,0.03631623753309106,-0.038326036274041665
58.25,3975.7,68,0,1,-0.2797814426545472,-0.004565164112013223,-0.06711051579253184,-0.057850618733884154,-0.035929823012081454
19.4,1182.55,61,0,0,0.2874298242572292,0.018260901272275153,-0.07640238305461193,-0.04529193601323852,0.042904516688886715
65.2,4784.45,72,0,1,-0.2795788967654554,0.003918349107075761,-0.06839168185143991,-0.06250453929342041,-0.04351309680549956
53.45,119.5,2,0,0,0.2934443749987433,0.10146762181791857,-0.0875102169833437,-0.0593638530108729,0.05504626282205126
45.4,518.9,12,0,0,0.2883552803408641,-0.04698053104222493,-0.08705086099280972,-0.05836391893873313,0.03610306732564948
19.75,899.45,41,0,1,-0.2844148297905387,-0.0598931913695521,-0.07402708289043783,-0.043230580821838005,0.029775042187291524
44.45,1183.8,26,0,0,0.2898571519398851,-0.04255445390554381,-0.08464531352152894,-0.06458649992998923,0.042253705092730236
20.85,720.05,36,0,1,-0.2828001422109124,-0.05487358604119943,-0.0698288743461888,-0.044082127293751217,0.02610101331864022
114.05,8468.2,72,1,1,-0.2964434247271835,0.011546953347807058,0.06984447512970013,0.07669164954180707,-0.04764790313718032
89.85,3161.2,35,1,0,0.29011003847146877,-0.06555441544368838,0.07974919893506723,0.03250502230005874,-0.04835093965660793
55.05,55.05,1,0,0,0.29548731478950907,0.10693285997132553,-0.08333844891112684,-0.06348359022429977,0.05005401604782269
112.95,1882.55,16,1,0,0.3034612526382798,-0.05017669980748554,0.07999623691753423,0.0801415465451039,-0.042076727225170744
101.55,5070.4,49,1,0,0.2976712911878646,-0.06263133919382474,0.07700625981270232,0.08580775776891475,-0.055250234420318005
114.65,6049.5,54,1,1,-0.2941175031298969,0.01049993705903686,0.07024494075736233,0.05749382191176805,-0.04537957560436864
64.8,1166.7,18,0,0,0.2855923012236001,-0.04166233764154667,-0.08106627950387015,-0.062291745212513544,0.026360772771272183
80.4,2937.65,36,1,0,0.2939520506162581,-0.06463499939599926,0.08321939804909143,0.030586987105901065,-0.04256914337626884
105.9,6396.45,60,1,0,0.301386536807426,0.0031855703978967797,0.0815466111057686,0.0829369588274738,-0.05893251180723392
69.55,69.55,1,1,0,0.30661417885920783,0.11114660207760077,0.08666261532436617,-0.06438756667293175,0.05834260903151459
25.05,1270.25,52,0,1,-0.2836270977757617,-0.060365695169816186,-0.070227547949678,-0.042470649884117945,0.028042304060399783
94.75,759.55,8,1,0,0.30650848772067485,0.10700289952304576,0.08175856124013495,0.08441839108073149,0.047947696611304526
105.5,7611.55,72,1,1,-0.29667864914717434,0.010611299075558927,0.07092378827695432,0.07367129175386378,-0.05736017056170215
24.7,1642.75,64,0,1,-0.2803464385181393,0.005410698296695782,-0.06941664481109973,-0.03523300880566799,-0.03938600289074616
69.75,1545.4,22,0,0,0.2836978282570413,-0.046151973184759255,-0.07630290192069297,-0.06286769295890964,-0.04255138734452104
60.2,3582.4,60,0,0,0.2853693507133844,0.010251348061213559,-0.0796451485113066,-0.07720975214510238,-0.04542732585679572
81.05,2227.1,28,1,0,0.297801064812622,-0.04534368905658531,0.07805847743284572,0.030877957740607573,-0.04927294115431593
24.4,1417.9,61,0,1,-0.28251598939171896,0.008500112031431709,-0.0747767512736032,-0.05345807962548755,-0.034003276805087856
104.15,2494.65,24,1,0,0.2979970851968909,-0.043739774936576416,0.08389505895120217,0.07747442024095903,-0.042833489608039926
92.9,2768.35,28,1,1,-0.30294791332190046,-0.03587548582955648,0.06806940431895418,0.07265441767629963,-0.04328701146390064
80.8,2369.3,30,0,1,-0.2806385469532902,-0.06259589317260808,-0.06956239324175352,0.031633917129962746,-0.03997682084354612
20.0,38.0,2,0,0,0.294488315854083,0.09919078719745694,-0.0861083456694591,-0.04482963946757706,0.04421985140368562
75.1,75.1,1,1,0,0.30210415779409344,0.1080807686127459,0.08165169096875802,0.030148609318840384,0.052350230557498705
19.65,100.9,6,0,0,0.2955581528288096,0.09671643046283243,-0.08499875573915805,-0.05140548135800795,0.05320960547346072
69.45,1614.05,24,0,0,0.287913153807665,-0.04794568168302773,-0.0855111577230418,-0.0622363366577714,-0.0339604010205003
101.15,385.9,4,1,0,0.30714947082249877,0.11211403674370592,0.08495672594243253,0.08732360187961843,0.05649093715153203
99.8,673.25,7,1,0,0.3137391126111861,0.10761560061083583,0.08692527458900633,0.08871437510872368,0.03781649222881614
116.05,8404.9,72,1,1,-0.306674493453643,0.007063133865909547,0.06751071174648854,0.0773040515427006,-0.05024640707576648
40.05,2799.75,70,0,1,-0.2836977591373059,0.0017324978969109899,-0.07344260077845474,-0.04771496033801784,-0.037278283138637486
102.1,6538.45,64,1,1,-0.2863488693030327,0.0023064513622828194,0.06224445935706087,0.06256721357501316,-0.039820242383264134
89.7,6588.95,72,1,1,-0.2909706042527037,0.006200179656687362,0.06527265606019672,0.039038301978926986,-0.044312329717627635
19.9,868.1,44,0,1,-0.28425214929060744,-0.056367267547638995,-0.07128402123954489,-0.04400604023741397,0.02967052857092992
55.95,734.35,13,0,0,0.2870649754668602,-0.047147236875190866,-0.07614844557324396,-0.06126359140153738,0.042946241810869944
20.65,330.6,17,0,1,-0.2940039986576487,-0.03947047554928649,-0.0707971648137762,-0.05075562434864208,0.04708905773551721
55.0,55.0,1,0,0,0.2948577073802178,0.10556171977949509,-0.08229557813286816,-0.06216016635042131,0.05456066402570143
70.05,564.4,9,0,0,0.28395270642036063,-0.045603368671388686,-0.09054199873805922,-0.06633456905900596,0.039910820642499206
53.6,1315.35,24,0,0,0.2869153185535999,-0.04386753392752704,-0.08300985413606655,-0.0680952208884955,0.03598068152410105
74.7,74.7,1,1,0,0.3052764624751995,0.10685556121247586,0.0806833866413514,0.036489249636396374,0.04545005576681294
80.25,1861.5,24,1,0,0.2933019578831048,-0.04767383268284599,0.07861969564810221,0.029445149842933383,-0.03813149966201284
76.05,2747.2,35,0,0,0.2827211857245169,-0.07300029562918632,-0.08485295837689519,0.03386978687786258,-0.03632251086441445
75.7,554.05,7,0,0,0.2935087825563863,0.09579666552531255,-0.0886764463384269,0.03222873577370967,0.033572628463729964
96.1,453.4,5,1,0,0.31490917182174,0.10210449192283061,0.08467942268669398,0.08146081857085113,0.035863235011125504
69.0,994.8,15,1,0,0.29930399455485535,-0.04970355856196601,0.0820461603734186,-0.07236181090030305,0.04147756182229424
19.65,225.75,11,0,1,-0.29036519995170756,-0.040669870646131846,-0.07364842582411488,-0.04110943619009778,0.04025054117247845
45.3,2145.0,48,0,0,0.2738365394911598,-0.06376783248990325,-0.07814834315288781,-0.05994371356219126,-0.04533570285070091
81.45,1671.6,20,1,0,0.2973924558841369,-0.03328396755750083,0.08686748740459946,0.02774809174980567,-0.04258837032037655
108.5,8003.8,72,1,1,-0.29712444451748776,0.001931505467338838,0.07127573582065605,0.0628690823809374,-0.04976939963597702
83.55,680.05,8,1,0,0.30799501778271726,0.11284469039868814,0.08476920873828075,0.03600025132781899,0.03424467336455251
84.5,6130.85,72,1,1,-0.2903077916667628,0.0006327476300640901,0.07300777987180355,0.038405407766131806,-0.04906334902611101
100.15,1415.0,15,1,0,0.29952216491344374,-0.044525342289935405,0.08125383185617908,0.08454376928845811,-0.04139768009074287
88.6,6201.95,72,0,1,-0.28881489006960664,0.0022446153364459247,-0.06726488729324456,0.040519363320362205,-0.04609353747778802
74.35,74.35,1,1,0,0.3095606957486509,0.10366016923649189,0.08730680823427567,0.03662590399775047,0.05224134147327545
104.8,6597.25,63,1,1,-0.30077077085127135,0.004806437753171509,0.06316831045059981,0.07454905679592329,-0.04273143736875012
59.0,114.15,2,0,0,0.29871281724349935,0.1050352114188406,-0.08469591299578397,-0.06186032069042482,0.056924952555339414
74.4,139.4,2,1,0,0.3012216577415845,0.10165628133705112,0.0788777090469855,0.027759983920247682,0.05928855114687802
64.05,3902.6,61,0,1,-0.2879691141571214,0.007152631741617162,-0.07171519418541361,-0.062033253338644415,-0.04233405268534105
20.4,20.4,1,0,0,0.292491207662601,0.10677191219023834,-0.08494921324230864,-0.057722012265897224,0.048355789603238004
43.75,903.6,22,0,1,-0.28760341606071793,-0.03780947405737419,-0.0731368729797239,-0.05290180600352401,0.025756107393779794
60.9,1785.65,28,0,0,0.27674659597179907,-0.04384105798304529,-0.081895423282012,-0.06104055399618515,-0.04496006297061417
19.8,1397.65,70,0,1,-0.28529082033646563,0.010733098633140049,-0.0726525258438547,-0.04116720498262886,-0.041742982954788004
28.45,131.05,5,0,0,0.2992423702256296,0.09926841189327117,-0.08296240669831764,-0.05021724664221399,0.053570134797296026
99.7,1238.45,12,1,0,0.30351502557702215,-0.04558533927141417,0.08395908328020084,0.07732556710294171,0.032534756152378476
116.25,3899.05,34,1,1,-0.2946654457218406,-0.05668208523298542,0.06676766664745107,0.0629173874263678,-0.04247539983582419
